{
    "loss": 0.08655619621276855,
    "accuracy": 0.9856114983558655
}